#NAME?,"<?xml version=""1.0"" encoding=""utf-16""?><WebTableParameter xmlns:xsd=""http://www.w3.org/2001/XMLSchema"" xmlns:xsi=""http://www.w3.org/2001/XMLSchema-instance"" xmlns=""http://stats.oecd.org/OECDStatWS/2004/03/01/""><DataTable Code=""BLI"" HasMetadata=""true""><Name LocaleIsoCode=""en"">Better Life Index</Name><Name LocaleIsoCode=""fr"">Indicateur du vivre mieux</Name><Dimension Code=""LOCATION"" HasMetadata=""false"" CommonCode=""LOCATION"" Display=""labels""><Name LocaleIsoCode=""en"">Country</Name><Name LocaleIsoCode=""fr"">Pays</Name><Member Code=""AUS"" HasMetadata=""false"" HasOnlyUnitMetadata=""false"" HasChild=""0""><Name LocaleIsoCode=""en"">Australia</Name><Name LocaleIsoCode=""fr"">Australie</Name></Member><Member Code=""AUT"" HasMetadata=""false"" HasOnlyUnitMetadata=""false"" HasChild=""0""><Name LocaleIsoCode=""en"">Austria</Name><Name LocaleIsoCode=""fr"">Autriche</Name></Member><Member Code=""BEL"" HasMetadata=""false"" HasOnlyUnitMetadata=""false"" HasChild=""0""><Name LocaleIsoCode=""en"">Belgium</Name><Name LocaleIsoCode=""fr"">Belgique</Name></Member><Member Code=""CAN"" HasMetadata=""false"" HasOnlyUnitMetadata=""false"" HasChild=""0""><Name LocaleIsoCode=""en"">Canada</Name><Name LocaleIsoCode=""fr"">Canada</Name></Member><Member Code=""CHL"" HasMetadata=""false"" HasOnlyUnitMetadata=""false"" HasChild=""0""><Name LocaleIsoCode=""en"">Chile</Name><Name LocaleIsoCode=""fr"">Chili</Name></Member><Member Code=""COL"" HasMetadata=""false"" HasOnlyUnitMetadata=""false"" HasChild=""0""><Name LocaleIsoCode=""en"">Colombia</Name><Name LocaleIsoCode=""fr"">Colombie</Name></Member><Member Code=""CRI"" HasMetadata=""false"" HasOnlyUnitMetadata=""false"" HasChild=""0""><Name LocaleIsoCode=""en"">Costa Rica</Name><Name LocaleIsoCode=""fr"">Costa Rica</Name></Member><Member Code=""CZE"" HasMetadata=""false"" HasOnlyUnitMetadata=""false"" HasChild=""0""><Name LocaleIsoCode=""en"">Czech Republic</Name><Name LocaleIsoCode=""fr"">République tchèque</Name></Member><Member Code=""DNK"" HasMetadata=""false"" HasOnlyUnitMetadata=""false"" HasChild=""0""><Name LocaleIsoCode=""en"">Denmark</Name><Name LocaleIsoCode=""fr"">Danemark</Name></Member><Member Code=""EST"" HasMetadata=""false"" HasOnlyUnitMetadata=""false"" HasChild=""0""><Name LocaleIsoCode=""en"">Estonia</Name><Name LocaleIsoCode=""fr"">Estonie</Name></Member><Member Code=""FIN"" HasMetadata=""false"" HasOnlyUnitMetadata=""false"" HasChild=""0""><Name LocaleIsoCode=""en"">Finland</Name><Name LocaleIsoCode=""fr"">Finlande</Name></Member><Member Code=""FRA"" HasMetadata=""false"" HasOnlyUnitMetadata=""false"" HasChild=""0""><Name LocaleIsoCode=""en"">France</Name><Name LocaleIsoCode=""fr"">France</Name></Member><Member Code=""DEU"" HasMetadata=""true"" HasOnlyUnitMetadata=""false"" HasChild=""0""><Name LocaleIsoCode=""en"">Germany</Name><Name LocaleIsoCode=""fr"">Allemagne</Name></Member><Member Code=""GRC"" HasMetadata=""false"" HasOnlyUnitMetadata=""false"" HasChild=""0""><Name LocaleIsoCode=""en"">Greece</Name><Name LocaleIsoCode=""fr"">Grèce</Name></Member><Member Code=""HUN"" HasMetadata=""false"" HasOnlyUnitMetadata=""false"" HasChild=""0""><Name LocaleIsoCode=""en"">Hungary</Name><Name LocaleIsoCode=""fr"">Hongrie</Name></Member><Member Code=""ISL"" HasMetadata=""false"" HasOnlyUnitMetadata=""false"" HasChild=""0""><Name LocaleIsoCode=""en"">Iceland</Name><Name LocaleIsoCode=""fr"">Islande</Name></Member><Member Code=""IRL"" HasMetadata=""false"" HasOnlyUnitMetadata=""false"" HasChild=""0""><Name LocaleIsoCode=""en"">Ireland</Name><Name LocaleIsoCode=""fr"">Irlande</Name></Member><Member Code=""ISR"" HasMetadata=""true"" HasOnlyUnitMetadata=""false"" HasChild=""0""><Name LocaleIsoCode=""en"">Israel</Name><Name LocaleIsoCode=""fr"">Israël</Name></Member><Member Code=""ITA"" HasMetadata=""false"" HasOnlyUnitMetadata=""false"" HasChild=""0""><Name LocaleIsoCode=""en"">Italy</Name><Name LocaleIsoCode=""fr"">Italie</Name></Member><Member Code=""JPN"" HasMetadata=""false"" HasOnlyUnitMetadata=""false"" HasChild=""0""><Name LocaleIsoCode=""en"">Japan</Name><Name LocaleIsoCode=""fr"">Japon</Name></Member><Member Code=""KOR"" HasMetadata=""false"" HasOnlyUnitMetadata=""false"" HasChild=""0""><Name LocaleIsoCode=""en"">Korea</Name><Name LocaleIsoCode=""fr"">Corée</Name></Member><Member Code=""LVA"" HasMetadata=""false"" HasOnlyUnitMetadata=""false"" HasChild=""0""><Name LocaleIsoCode=""en"">Latvia</Name><Name LocaleIsoCode=""fr"">Lettonie</Name></Member><Member Code=""LTU"" HasMetadata=""false"" HasOnlyUnitMetadata=""false"" HasChild=""0""><Name LocaleIsoCode=""en"">Lithuania</Name><Name LocaleIsoCode=""fr"">Lituanie</Name></Member><Member Code=""LUX"" HasMetadata=""false"" HasOnlyUnitMetadata=""false"" HasChild=""0""><Name LocaleIsoCode=""en"">Luxembourg</Name><Name LocaleIsoCode=""fr"">Luxembourg</Name></Member><Member Code=""MEX"" HasMetadata=""false"" HasOnlyUnitMetadata=""false"" HasChild=""0""><Name LocaleIsoCode=""en"">Mexico</Name><Name LocaleIsoCode=""fr"">Mexique</Name></Member><Member Code=""NLD"" HasMetadata=""false"" HasOnlyUnitMetadata=""false"" HasChild=""0""><Name LocaleIsoCode=""en"">Netherlands</Name><Name LocaleIsoCode=""fr"">Pays-Bas</Name></Member><Member Code=""NZL"" HasMetadata=""false"" HasOnlyUnitMetadata=""false"" HasChild=""0""><Name LocaleIsoCode=""en"">New Zealand</Name><Name LocaleIsoCode=""fr"">Nouvelle-Zélande</Name></Member><Member Code=""NOR"" HasMetadata=""false"" HasOnlyUnitMetadata=""false"" HasChild=""0""><Name LocaleIsoCode=""en"">Norway</Name><Name LocaleIsoCode=""fr"">Norvège</Name></Member><Member Code=""POL"" HasMetadata=""false"" HasOnlyUnitMetadata=""false"" HasChild=""0""><Name LocaleIsoCode=""en"">Poland</Name><Name LocaleIsoCode=""fr"">Pologne</Name></Member><Member Code=""PRT"" HasMetadata=""false"" HasOnlyUnitMetadata=""false"" HasChild=""0""><Name LocaleIsoCode=""en"">Portugal</Name><Name LocaleIsoCode=""fr"">Portugal</Name></Member><Member Code=""SVK"" HasMetadata=""false"" HasOnlyUnitMetadata=""false"" HasChild=""0""><Name LocaleIsoCode=""en"">Slovak Republic</Name><Name LocaleIsoCode=""fr"">République slovaque</Name></Member><Member Code=""SVN"" HasMetadata=""false"" HasOnlyUnitMetadata=""false"" HasChild=""0""><Name LocaleIsoCode=""en"">Slovenia</Name><Name LocaleIsoCode=""fr"">Slovénie</Name></Member><Member Code=""ESP"" HasMetadata=""false"" HasOnlyUnitMetadata=""false"" HasChild=""0""><Name LocaleIsoCode=""en"">Spain</Name><Name LocaleIsoCode=""fr"">Espagne</Name></Member><Member Code=""SWE"" HasMetadata=""false"" HasOnlyUnitMetadata=""false"" HasChild=""0""><Name LocaleIsoCode=""en"">Sweden</Name><Name LocaleIsoCode=""fr"">Suède</Name></Member><Member Code=""CHE"" HasMetadata=""false"" HasOnlyUnitMetadata=""false"" HasChild=""0""><Name LocaleIsoCode=""en"">Switzerland</Name><Name LocaleIsoCode=""fr"">Suisse</Name></Member><Member Code=""TUR"" HasMetadata=""false"" HasOnlyUnitMetadata=""false"" HasChild=""0""><Name LocaleIsoCode=""en"">Türkiye</Name><Name LocaleIsoCode=""fr"">Türkiye</Name></Member><Member Code=""GBR"" HasMetadata=""false"" HasOnlyUnitMetadata=""false"" HasChild=""0""><Name LocaleIsoCode=""en"">United Kingdom</Name><Name LocaleIsoCode=""fr"">Royaume-Uni</Name></Member><Member Code=""USA"" HasMetadata=""false"" HasOnlyUnitMetadata=""false"" HasChild=""0""><Name LocaleIsoCode=""en"">United States</Name><Name LocaleIsoCode=""fr"">États-Unis</Name></Member><Member Code=""OECD"" HasMetadata=""false"" HasOnlyUnitMetadata=""false"" HasChild=""0""><Name LocaleIsoCode=""en"">OECD - Total</Name><Name LocaleIsoCode=""fr"">OCDE - Total</Name></Member><Member Code=""NMEC"" HasMetadata=""false"" HasOnlyUnitMetadata=""false"" HasChild=""1""><Name LocaleIsoCode=""en"">Non-OECD Economies</Name><Name LocaleIsoCode=""fr"">Économies non-OCDE</Name><ChildMember Code=""BRA"" HasMetadata=""false"" HasOnlyUnitMetadata=""false"" HasChild=""0""><Name LocaleIsoCode=""en"">Brazil</Name><Name LocaleIsoCode=""fr"">Brésil</Name></ChildMember><ChildMember Code=""RUS"" HasMetadata=""false"" HasOnlyUnitMetadata=""false"" HasChild=""0""><Name LocaleIsoCode=""en"">Russia</Name><Name LocaleIsoCode=""fr"">Russie</Name></ChildMember><ChildMember Code=""ZAF"" HasMetadata=""false"" HasOnlyUnitMetadata=""false"" HasChild=""0""><Name LocaleIsoCode=""en"">South Africa</Name><Name LocaleIsoCode=""fr"">Afrique du Sud</Name></ChildMember></Member></Dimension><Dimension Code=""INDICATOR"" HasMetadata=""false"" Display=""labels""><Name LocaleIsoCode=""en"">Indicator</Name><Name LocaleIsoCode=""fr"">Indicateur</Name><Member Code=""HO"" HasMetadata=""false"" HasOnlyUnitMetadata=""false"" HasChild=""1""><Name LocaleIsoCode=""en"">Housing</Name><Name LocaleIsoCode=""fr"">Logement</Name><ChildMember Code=""HO_BASE"" HasMetadata=""true"" HasOnlyUnitMetadata=""false"" HasChild=""0"" IsDisplayed=""true""><Name LocaleIsoCode=""en"">Dwellings without basic facilities</Name><Name LocaleIsoCode=""fr"">Logements sans équipements sanitaires de base</Name></ChildMember><ChildMember Code=""HO_HISH"" HasMetadata=""true"" HasOnlyUnitMetadata=""false"" HasChild=""0""><Name LocaleIsoCode=""en"">Housing expenditure</Name><Name LocaleIsoCode=""fr"">Coût du logement</Name></ChildMember><ChildMember Code=""HO_NUMR"" HasMetadata=""true"" HasOnlyUnitMetadata=""false"" HasChild=""0""><Name LocaleIsoCode=""en"">Rooms per person</Name><Name LocaleIsoCode=""fr"">Nombre de pièces par personne</Name></ChildMember></Member><Member Code=""IW"" HasMetadata=""false"" HasOnlyUnitMetadata=""false"" HasChild=""1""><Name LocaleIsoCode=""en"">Income</Name><Name LocaleIsoCode=""fr"">Revenu</Name><ChildMember Code=""IW_HADI"" HasMetadata=""true"" HasOnlyUnitMetadata=""false"" HasChild=""0""><Name LocaleIsoCode=""en"">Household net adjusted disposable income</Name><Name LocaleIsoCode=""fr"">Revenu disponible ajusté net des ménages</Name></ChildMember><ChildMember Code=""IW_HNFW"" HasMetadata=""true"" HasOnlyUnitMetadata=""false"" HasChild=""0""><Name LocaleIsoCode=""en"">Household net wealth</Name><Name LocaleIsoCode=""fr"">Patrimoine net des ménages</Name></ChildMember></Member><Member Code=""JE"" HasMetadata=""false"" HasOnlyUnitMetadata=""false"" HasChild=""1""><Name LocaleIsoCode=""en"">Jobs</Name><Name LocaleIsoCode=""fr"">Emploi</Name><ChildMember Code=""JE_LMIS"" HasMetadata=""true"" HasOnlyUnitMetadata=""false"" HasChild=""0""><Name LocaleIsoCode=""en"">Labour market insecurity</Name><Name LocaleIsoCode=""fr"">Insécurité sur le marché du travail</Name></ChildMember><ChildMember Code=""JE_EMPL"" HasMetadata=""true"" HasOnlyUnitMetadata=""false"" HasChild=""0""><Name LocaleIsoCode=""en"">Employment rate</Name><Name LocaleIsoCode=""fr"">Taux d’emploi</Name></ChildMember><ChildMember Code=""JE_LTUR"" HasMetadata=""true"" HasOnlyUnitMetadata=""false"" HasChild=""0""><Name LocaleIsoCode=""en"">Long-term unemployment rate</Name><Name LocaleIsoCode=""fr"">Taux de chômage de longue durée</Name></ChildMember><ChildMember Code=""JE_PEARN"" HasMetadata=""true"" HasOnlyUnitMetadata=""false"" HasChild=""0""><Name LocaleIsoCode=""en"">Personal earnings</Name><Name LocaleIsoCode=""fr"">Revenus moyens d’activité</Name></ChildMember></Member><Member Code=""SC"" HasMetadata=""false"" HasOnlyUnitMetadata=""false"" HasChild=""1""><Name LocaleIsoCode=""en"">Community</Name><Name LocaleIsoCode=""fr"">Liens sociaux</Name><ChildMember Code=""SC_SNTWS"" HasMetadata=""true"" HasOnlyUnitMetadata=""false"" HasChild=""0""><Name LocaleIsoCode=""en"">Quality of support network</Name><Name LocaleIsoCode=""fr"">Qualité du réseau social</Name></ChildMember></Member><Member Code=""ES"" HasMetadata=""false"" HasOnlyUnitMetadata=""false"" HasChild=""1""><Name LocaleIsoCode=""en"">Education</Name><Name LocaleIsoCode=""fr"">Enseignement</Name><ChildMember Code=""ES_EDUA"" HasMetadata=""true"" HasOnlyUnitMetadata=""false"" HasChild=""0""><Name LocaleIsoCode=""en"">Educational attainment</Name><Name LocaleIsoCode=""fr"">Niveau d’instruction</Name></ChildMember><ChildMember Code=""ES_STCS"" HasMetadata=""true"" HasOnlyUnitMetadata=""false"" HasChild=""0""><Name LocaleIsoCode=""en"">Student skills</Name><Name LocaleIsoCode=""fr"">Compétences des élèves</Name></ChildMember><ChildMember Code=""ES_EDUEX"" HasMetadata=""true"" HasOnlyUnitMetadata=""false"" HasChild=""0""><Name LocaleIsoCode=""en"">Years in education</Name><Name LocaleIsoCode=""fr"">Années de scolarité</Name></ChildMember></Member><Member Code=""EQ"" HasMetadata=""false"" HasOnlyUnitMetadata=""false"" HasChild=""1""><Name LocaleIsoCode=""en"">Environment</Name><Name LocaleIsoCode=""fr"">Environnement</Name><ChildMember Code=""EQ_AIRP"" HasMetadata=""true"" HasOnlyUnitMetadata=""false"" HasChild=""0""><Name LocaleIsoCode=""en"">Air pollution</Name><Name LocaleIsoCode=""fr"">Pollution atmosphérique</Name></ChildMember><ChildMember Code=""EQ_WATER"" HasMetadata=""true"" HasOnlyUnitMetadata=""false"" HasChild=""0""><Name LocaleIsoCode=""en"">Water quality</Name><Name LocaleIsoCode=""fr"">Qualité de l’eau</Name></ChildMember></Member><Member Code=""CG"" HasMetadata=""false"" HasOnlyUnitMetadata=""false"" HasChild=""1""><Name LocaleIsoCode=""en"">Civic engagement</Name><Name LocaleIsoCode=""fr"">Engagement civique</Name><ChildMember Code=""CG_SENG"" HasMetadata=""true"" HasOnlyUnitMetadata=""false"" HasChild=""0""><Name LocaleIsoCode=""en"">Stakeholder engagement for developing regulations</Name><Name LocaleIsoCode=""fr"">Participation des parties prenantes à l’élaboration de la réglementation</Name></ChildMember><ChildMember Code=""CG_VOTO"" HasMetadata=""true"" HasOnlyUnitMetadata=""false"" HasChild=""0""><Name LocaleIsoCode=""en"">Voter turnout</Name><Name LocaleIsoCode=""fr"">Participation électorale</Name></ChildMember></Member><Member Code=""HS"" HasMetadata=""false"" HasOnlyUnitMetadata=""false"" HasChild=""1""><Name LocaleIsoCode=""en"">Health</Name><Name LocaleIsoCode=""fr"">Santé</Name><ChildMember Code=""HS_LEB"" HasMetadata=""true"" HasOnlyUnitMetadata=""false"" HasChild=""0""><Name LocaleIsoCode=""en"">Life expectancy</Name><Name LocaleIsoCode=""fr"">Espérance de vie</Name></ChildMember><ChildMember Code=""HS_SFRH"" HasMetadata=""true"" HasOnlyUnitMetadata=""false"" HasChild=""0""><Name LocaleIsoCode=""en"">Self-reported health</Name><Name LocaleIsoCode=""fr"">Auto-évaluation de l’état de santé</Name></ChildMember></Member><Member Code=""SW"" HasMetadata=""false"" HasOnlyUnitMetadata=""false"" HasChild=""1""><Name LocaleIsoCode=""en"">Life Satisfaction</Name><Name LocaleIsoCode=""fr"">Satisfaction</Name><ChildMember Code=""SW_LIFS"" HasMetadata=""true"" HasOnlyUnitMetadata=""false"" HasChild=""0""><Name LocaleIsoCode=""en"">Life satisfaction</Name><Name LocaleIsoCode=""fr"">Satisfaction à l’égard de la vie</Name></ChildMember></Member><Member Code=""PS"" HasMetadata=""false"" HasOnlyUnitMetadata=""false"" HasChild=""1""><Name LocaleIsoCode=""en"">Safety</Name><Name LocaleIsoCode=""fr"">Sécurité</Name><ChildMember Code=""PS_FSAFEN"" HasMetadata=""true"" HasOnlyUnitMetadata=""false"" HasChild=""0""><Name LocaleIsoCode=""en"">Feeling safe walking alone at night</Name><Name LocaleIsoCode=""fr"">Se sentir en sécurité quand on marche seul la nuit</Name></ChildMember><ChildMember Code=""PS_REPH"" HasMetadata=""true"" HasOnlyUnitMetadata=""false"" HasChild=""0""><Name LocaleIsoCode=""en"">Homicide rate</Name><Name LocaleIsoCode=""fr"">Taux d’homicides</Name></ChildMember></Member><Member Code=""WL"" HasMetadata=""false"" HasOnlyUnitMetadata=""false"" HasChild=""1""><Name LocaleIsoCode=""en"">Work-Life Balance</Name><Name LocaleIsoCode=""fr"">Équilibre travail-vie</Name><ChildMember Code=""WL_EWLH"" HasMetadata=""true"" HasOnlyUnitMetadata=""false"" HasChild=""0""><Name LocaleIsoCode=""en"">Employees working very long hours</Name><Name LocaleIsoCode=""fr"">Horaires de travail lourds</Name></ChildMember><ChildMember Code=""WL_TNOW"" HasMetadata=""true"" HasOnlyUnitMetadata=""false"" HasChild=""0""><Name LocaleIsoCode=""en"">Time devoted to leisure and personal care</Name><Name LocaleIsoCode=""fr"">Temps consacré aux loisirs et à soi</Name></ChildMember></Member></Dimension><Dimension Code=""MEASURE"" HasMetadata=""false"" Display=""labels""><Name LocaleIsoCode=""en"">Measure</Name><Name LocaleIsoCode=""fr"">Mesure</Name><Member Code=""L"" HasMetadata=""false"" HasOnlyUnitMetadata=""false"" HasChild=""0""><Name LocaleIsoCode=""en"">Value</Name><Name LocaleIsoCode=""fr"">Valeur</Name></Member></Dimension><Dimension Code=""INEQUALITY"" HasMetadata=""false"" Display=""labels""><Name LocaleIsoCode=""en"">Inequality</Name><Name LocaleIsoCode=""fr"">Inégalité</Name><Member Code=""TOT"" HasMetadata=""false"" HasOnlyUnitMetadata=""false"" HasChild=""0""><Name LocaleIsoCode=""en"">Total</Name><Name LocaleIsoCode=""fr"">Total</Name></Member><Member Code=""MN"" HasMetadata=""false"" HasOnlyUnitMetadata=""false"" HasChild=""0""><Name LocaleIsoCode=""en"">Men</Name><Name LocaleIsoCode=""fr"">Homme</Name></Member><Member Code=""WMN"" HasMetadata=""false"" HasOnlyUnitMetadata=""false"" HasChild=""0""><Name LocaleIsoCode=""en"">Women</Name><Name LocaleIsoCode=""fr"">Femme</Name></Member><Member Code=""HGH"" HasMetadata=""false"" HasOnlyUnitMetadata=""false"" HasChild=""0""><Name LocaleIsoCode=""en"">High</Name><Name LocaleIsoCode=""fr"">Haut</Name></Member><Member Code=""LW"" HasMetadata=""false"" HasOnlyUnitMetadata=""false"" HasChild=""0""><Name LocaleIsoCode=""en"">Low</Name><Name LocaleIsoCode=""fr"">Bas</Name></Member></Dimension><Tabulation Axis=""horizontal""><Dimension Code=""INDICATOR"" /></Tabulation><Tabulation Axis=""vertical""><Dimension Code=""LOCATION"" CommonCode=""LOCATION"" /></Tabulation><Tabulation Axis=""page""><Dimension Code=""INEQUALITY"" /><Dimension Code=""MEASURE"" /></Tabulation><Formatting><Labels LocaleIsoCode=""en"" /><Power>0</Power><Decimals>-1</Decimals><SkipEmptyLines>true</SkipEmptyLines><SkipEmptyCols>false</SkipEmptyCols><SkipLineHierarchy>false</SkipLineHierarchy><SkipColHierarchy>false</SkipColHierarchy><Page>1</Page></Formatting></DataTable><Format><ShowEmptyAxes>true</ShowEmptyAxes><Page>1</Page><EnableSort>true</EnableSort><IncludeFlagColumn>false</IncludeFlagColumn><IncludeTimeSeriesId>false</IncludeTimeSeriesId><DoBarChart>false</DoBarChart><FreezePanes>true</FreezePanes><MaxBarChartLen>65</MaxBarChartLen></Format><Query><AbsoluteUri>http://stats.oecd.org//View.aspx?QueryId=86595&amp;QueryType=Public&amp;Lang=en</AbsoluteUri></Query></WebTableParameter>",,,,,,,,,,,,,,,,,,,,,,,,,
Dataset: Better Life Index,,,,,,,,,,,,,,,,,,,,,,,,,,
Inequality,,,Total,,,,,,,,,,,,,,,,,,,,,,,
Measure,,,Value,,,,,,,,,,,,,,,,,,,,,,,
Indicator,,,Housing,,,Income,,Jobs,,,,Community,Education,,,Environment,,Civic engagement,,Health,,Life Satisfaction,Safety,,Work-Life Balance,
,,,  Dwellings without basic facilities,  Housing expenditure,  Rooms per person,  Household net adjusted disposable income,  Household net wealth,  Labour market insecurity,  Employment rate,  Long-term unemployment rate,  Personal earnings,  Quality of support network,  Educational attainment,  Student skills,  Years in education,  Air pollution,  Water quality,  Stakeholder engagement for developing regulations,  Voter turnout,  Life expectancy,  Self-reported health,  Life satisfaction,  Feeling safe walking alone at night,  Homicide rate,  Employees working very long hours,  Time devoted to leisure and personal care
Unit,,,Percentage,Percentage,Ratio,US Dollar,US Dollar,Percentage,Percentage,Percentage,US Dollar,Percentage,Percentage,Average score,Years,Micrograms per cubic metre,Percentage,Average score,Percentage,Years,Percentage,Average score,Percentage,Ratio,Percentage,Hours
Country,,,,,,,,,,,,,,,,,,,,,,,,,,
Australia,,,..,19.4,..,37433,528768,3.1,73,1,55206,93,84,499,20,6.7,92,2.7,92,83,85,7.1,67,0.9,12.5,14.36
Austria,,,0.8,20.8,1.6,37001,309637,2.3,72,1.3,53132,92,86,491,17,12.2,92,1.3,76,82,71,7.2,86,0.5,5.3,14.51
Belgium,,,0.7,20,2.1,34884,447607,2.4,65,2.3,54327,90,80,500,19,12.8,79,2,88,82.1,74,6.8,56,1.1,4.3,15.52
Canada,,,0.2,22.9,2.6,34421,478240,3.8,70,0.5,55342,93,92,517,17,7.1,90,2.9,68,82.1,89,7,78,1.2,3.3,14.57
Chile,,,9.4,18.4,1.9,..,135787,7,56,..,26729,88,67,438,17,23.4,62,1.3,47,80.6,60,6.2,41,2.4,7.7,..
Colombia,,,12.3,..,1,..,..,..,58,1.1,..,80,59,406,14,22.6,82,1.4,53,76.7,80,5.7,50,23.1,23.7,..
Costa Rica,,,2.3,17,1.2,16517,..,..,55,1.5,..,82,43,415,..,17.5,87,1.8,66,80.5,73,6.3,47,10,22,..
Czech Republic,,,0.5,23.4,1.5,26664,..,2.3,74,0.6,29885,96,94,495,18,17,89,1.6,62,79.3,62,6.9,77,0.7,4.5,..
Denmark,,,0.5,23.3,1.9,33774,149864,4.5,74,0.9,58430,95,82,501,19,10,93,2,85,81.5,70,7.5,85,0.5,1.1,..
Estonia,,,5.7,17,1.7,23784,188627,5.4,74,1.2,30720,95,91,526,18,5.9,86,2.7,64,78.8,57,6.5,79,1.9,2.2,14.98
Finland,,,0.4,23.1,1.9,33471,230032,2.2,72,1.2,46230,96,91,516,20,5.5,97,2.2,69,82.1,68,7.9,88,1.2,3.6,15.17
France,,,0.5,20.7,1.8,34375,298639,3.1,65,2.9,45581,94,81,494,17,11.4,78,2.1,75,82.9,67,6.7,74,0.4,7.7,16.2
Germany,,,0.1,20,1.8,38971,304317,1.4,77,1.2,53745,90,86,500,18,12,91,1.8,76,81.4,66,7.3,76,0.4,3.9,15.62
Greece,,,0.4,21.8,1.2,20791,148323,21.7,56,10.8,27207,78,76,453,19,14.5,67,1.8,58,81.7,79,5.8,69,1,4.5,15.03
Hungary,,,3.5,19.9,1.4,21026,150296,3.8,70,1.2,25409,94,86,479,16,16.7,81,1.2,70,76.4,58,6,74,0.9,1.5,15.08
Iceland,,,0,..,1.6,..,..,1,78,0.7,67488,98,76,481,19,6.4,97,2.1,81,83.2,77,7.6,85,0.3,11.7,..
Ireland,,,0.2,20.6,2.1,29488,370341,2.6,68,1.2,49474,96,85,505,18,7.8,80,1.3,63,82.8,84,7,76,0.5,4.7,14.54
Israel,,,..,..,1.2,..,..,4.6,67,0.2,39322,95,88,465,16,19.7,77,2.5,67,82.9,74,7.2,80,1.5,14.1,..
Italy,,,0.6,22.5,1.4,29431,295020,8.6,58,4.8,37769,89,63,477,17,15.9,77,2.5,73,83.6,73,6.5,73,0.5,3.3,16.47
Japan,,,6.4,21.8,1.9,28872,294735,2.7,77,0.8,38515,89,..,520,16,13.7,87,1.4,53,84.4,37,6.1,77,0.2,..,14.1
Korea,,,2.5,14.7,1.5,24590,362340,2.9,66,0,41960,80,89,520,17,27.3,82,2.9,77,83.3,34,5.8,82,0.8,..,14.83
Latvia,,,11.2,20.8,1.2,19783,79245,6.3,72,2.2,29876,92,89,487,18,12.7,83,2.2,55,75.5,47,6.2,72,3.7,1.6,..
Lithuania,,,11.8,18.4,1.5,26976,182039,..,72,2.5,31811,89,94,480,18,10.5,83,2.4,57,76.4,46,6.4,62,2.5,1,..
Luxembourg,,,0.1,20.7,2,44773,941162,2.2,67,1.7,65854,91,74,477,15,10,85,1.7,90,82.7,72,7.4,87,0.2,2.8,..
Mexico,,,25.9,17.8,1.1,16269,..,4,59,0.1,16230,77,42,416,15,20.3,75,3.2,63,75.1,66,6,42,26.8,27,..
Netherlands,,,0.1,19.6,2,34984,248599,2.5,78,0.9,58828,94,81,502,19,12.2,91,2.6,79,82.2,75,7.5,83,0.6,0.3,15.45
New Zealand,,,..,25,2.4,39024,514162,4.5,77,0.4,45269,95,81,503,18,6,85,2.5,82,82.1,86,7.3,66,1.3,14,14.87
Norway,,,0,17.7,2.1,39144,268358,2.8,75,0.9,55780,96,82,497,18,6.7,98,2.2,78,83,75,7.3,93,0.6,1.4,15.67
Poland,,,2.3,21.2,1.1,23675,233221,5,69,0.6,32527,94,93,513,18,22.8,82,2.6,68,78,60,6.1,71,0.5,4.2,14.68
Portugal,,,0.9,19.6,1.7,24877,255303,8.1,69,2.3,28410,87,55,492,17,8.3,89,1.5,49,81.8,50,5.8,83,0.7,5.6,..
Slovak Republic,,,1.5,27.4,1.1,21149,171425,8.8,68,3,23619,95,92,469,16,18.5,81,3,66,77.8,65,6.5,76,0.8,4.2,..
Slovenia,,,0.2,18.2,1.6,25250,233286,5.9,71,1.9,41445,95,90,504,18,17,93,2.5,53,81.6,67,6.5,91,0.4,5.6,..
Spain,,,0.3,21.7,1.9,27155,366534,15.8,62,5,37922,93,63,..,18,10,76,1.8,72,83.9,75,6.5,80,0.7,2.5,15.75
Sweden,,,0,20.1,1.7,33730,..,4.4,75,1,47020,94,84,503,20,5.8,97,2,87,83.2,76,7.3,79,1.1,0.9,..
Switzerland,,,0,21.4,1.9,39697,..,..,80,1.7,64824,94,89,498,17,10.1,96,2.3,45,84,81,7.5,86,0.3,0.4,..
Türkiye,,,4.9,18.9,1,..,..,13,48,3.3,..,85,42,462,19,27.1,62,1.5,86,78.6,67,4.9,59,1,25,14.61
United Kingdom,,,0.5,23.2,2,33049,524422,3.3,75,0.9,47147,93,82,503,17,10.1,82,3.1,68,81.3,73,6.8,78,0.2,10.8,14.94
United States,,,0.1,18.3,2.4,51147,684500,4.2,67,0.5,69392,94,92,495,17,7.7,88,3.1,65,78.9,88,7,78,6,10.4,14.57
OECD - Total,,,3,20.5,1.7,30490,323960,5.1,66,1.3,49165,91,79,488,18,14,84,2.1,69,81,68,6.7,74,2.6,10.2,15.07
Non-OECD Economies,  Brazil,,6.7,..,..,..,..,..,57,..,..,83,57,400,16,11.7,70,2.2,80,75.9,..,6.1,45,19,5.6,..
,  Russia,,13.8,17.4,1,19546,..,..,70,1.1,..,89,95,481,16,11.8,62,..,68,73.2,43,5.5,64,4.8,0.1,..
,  South Africa,,35.9,18.1,..,9338,..,..,39,17.9,..,89,48,..,..,28.5,72,..,66,64.2,..,4.9,40,13.7,15.4,..
Data extracted on 21 Sep 2023 21:30 UTC (GMT) from OECD.Stat,,,,,,,,,,,,,,,,,,,,,,,,,,